Player_Age,Player_Weight,Player_Height,Previous_Injuries,Training_Intensity,Recovery_Time,Likelihood_of_Injury
24,66.25193286,175.7324288,yes,0.457928994,5_Days,no
37,70.99627127,174.5816501,no,0.226521626,6_Days,yes
32,80.09378116,186.3296175,no,0.613970306,2_Days,yes
28,87.47327055,175.5042396,yes,0.252858118,4_Days,yes
25,84.65922008,190.1750123,no,0.577631754,1_Day,yes
38,75.82054871,206.6318235,yes,0.359208747,4_Days,no
24,70.12604976,177.0445876,no,0.823552227,2_Days,no
36,79.03820559,181.5231551,yes,0.820696161,3_Days,yes
28,64.08609563,183.7948206,yes,0.477350398,1_Day,yes
28,66.82998561,198.1150481,yes,0.350819109,1_Day,no
38,90.09771312,179.1735221,no,0.362559797,3_Days,no
21,79.0203448,171.7098308,no,0.805714526,4_Days,no
25,71.52473266,167.3365949,yes,0.328179483,5_Days,no
20,83.29138685,179.4201605,no,0.209059374,4_Days,no
39,87.86974964,175.5161978,yes,0.084688342,2_Days,yes
38,70.55362442,200.1000929,yes,0.466693121,6_Days,yes
19,70.72592058,197.6986242,no,0.482132099,5_Days,yes
29,69.47354227,169.6562717,yes,0.84090871,4_Days,yes
23,84.63850319,172.892399,no,0.221238696,6_Days,no
19,84.73557448,180.7377011,yes,0.380991274,6_Days,yes
38,88.85903321,193.9722642,no,0.808405739,3_Days,no
18,85.0860295,180.5701314,yes,0.823623611,2_Days,no
29,58.67781921,173.5275936,yes,0.384611076,2_Days,no
39,77.80964321,179.4111819,no,0.459124023,2_Days,no
29,64.41614597,173.7151514,yes,0.303285891,5_Days,no
34,69.87085625,186.0247721,yes,0.932554878,1_Day,no
27,76.70594204,172.9096629,no,0.118643766,5_Days,no
33,83.35565398,174.8956395,yes,0.933749423,4_Days,yes
32,66.09156658,191.6193381,no,0.683866452,6_Days,no
32,51.75280339,172.3163505,yes,0.531572153,6_Days,yes
36,76.80530842,165.5387197,no,0.032659061,1_Day,yes
29,101.4357158,180.9499375,yes,0.475596192,4_Days,no
37,72.9715378,176.395266,yes,0.407748105,1_Day,no
20,75.46915435,185.114155,yes,0.161218812,6_Days,yes
22,92.82163619,183.1747193,no,0.656409604,5_Days,yes
36,80.90274619,179.6808151,no,0.971150907,2_Days,yes
24,77.16861037,179.3895657,no,0.562188811,6_Days,yes
38,79.42116665,172.6414155,no,0.714753276,3_Days,no
26,77.50243933,180.8334707,yes,0.068450453,2_Days,no
24,63.60245572,188.8128478,yes,0.417666996,6_Days,no
35,61.58554842,170.2655326,no,0.116358485,5_Days,yes
21,93.86828112,179.9460262,no,0.612795836,1_Day,no
31,76.83883352,190.3838876,no,0.938482158,2_Days,yes
35,76.00095443,185.0542409,yes,0.661777732,5_Days,no
26,74.09772336,193.094729,no,0.076803048,4_Days,yes
38,82.81073268,174.3185767,no,0.354666205,3_Days,no
19,100.386911,161.6923155,yes,0.550663379,2_Days,no
37,80.23952667,182.006518,yes,0.403207756,1_Day,yes
32,69.11913174,183.6257082,no,0.83364401,4_Days,yes
24,73.66599142,193.6842195,yes,0.814671005,5_Days,yes
29,85.70996467,191.8814573,no,0.61183102,3_Days,yes
25,69.17199399,185.3674362,yes,0.373457945,1_Day,yes
32,83.52246489,187.6539021,no,0.255336374,5_Days,no
20,51.79262626,178.0817854,no,0.105874318,5_Days,yes
31,72.70120429,167.8088539,no,0.354897683,2_Days,no
34,81.28140013,181.1772122,no,0.413172517,2_Days,no
21,87.70125547,189.8257346,yes,0.675822925,1_Day,no
35,66.81525783,186.5636087,yes,0.658159824,6_Days,no
25,59.97234982,188.3380734,yes,0.07010814,6_Days,no
21,72.39264835,175.7224431,yes,0.395259315,5_Days,yes
19,63.74580992,177.3445316,no,0.181778867,2_Days,yes
23,73.50963333,184.8342549,no,0.156812705,3_Days,no
39,74.93346545,174.5349261,yes,0.82730215,3_Days,no
27,61.80854955,174.8428293,yes,0.041915217,5_Days,yes
21,83.0443911,182.9798224,yes,0.419182876,2_Days,yes
39,73.42786107,187.6090474,yes,0.168203656,1_Day,no
35,85.80459869,178.0047133,yes,0.879330216,1_Day,yes
29,56.5509476,168.3681054,no,0.557040513,1_Day,yes
19,64.82807829,172.6419608,no,0.231380636,3_Days,yes
27,80.16669309,182.0367208,no,0.502427287,2_Days,no
21,67.00889429,181.9152096,yes,0.73148636,2_Days,yes
31,73.35464342,182.4123814,yes,0.958118009,3_Days,no
33,75.00699118,185.2129529,yes,0.220446004,1_Day,no
32,76.58255981,180.0581056,yes,0.886181772,1_Day,no
25,68.22433787,182.6505604,no,0.934304114,5_Days,no
31,76.49286563,179.5497318,no,0.916420545,6_Days,no
25,67.17456295,191.4873348,yes,0.635414357,4_Days,yes
38,81.74280469,194.3234203,no,0.629820654,6_Days,no
33,73.85155981,168.1098872,no,0.403210633,2_Days,no
30,76.55036624,177.4474806,yes,0.752397882,2_Days,no
35,100.6992684,180.3272449,yes,0.531294018,2_Days,yes
32,63.92895545,177.3308529,yes,0.677438071,6_Days,yes
38,88.88582269,197.9292259,yes,0.428457904,4_Days,yes
30,48.40648643,182.2395528,yes,0.731496464,5_Days,yes
26,54.21623345,171.9462817,yes,0.824471518,6_Days,yes
32,62.59359922,185.9644234,no,0.146436257,4_Days,yes
30,63.22471635,182.7097454,no,0.832929716,1_Day,yes
18,77.03701798,183.0419292,yes,0.540296532,1_Day,no
24,77.89842264,198.0787616,no,0.844665909,2_Days,no
26,72.45178732,183.5078518,yes,0.431301706,3_Days,yes
18,73.50122033,176.9633848,yes,0.379040485,2_Days,no
29,80.27764761,160.4472357,yes,0.915060733,3_Days,no
25,83.33223878,178.3460098,yes,0.251169268,4_Days,yes
28,61.73460984,193.0596992,no,0.844212325,1_Day,no
36,71.38109029,179.0883088,yes,0.484020573,6_Days,no
34,74.30410177,157.599501,no,0.514095443,3_Days,yes
25,79.85315997,175.0163761,yes,0.308468281,4_Days,no
20,67.27332858,189.9268854,yes,0.573042201,1_Day,yes
20,74.10778824,185.4581717,yes,0.325211196,6_Days,yes
18,75.29983635,171.601191,no,0.039269414,3_Days,no
22,67.95529897,174.3471522,yes,0.271998605,2_Days,no
27,67.7168485,175.8929134,yes,0.006379043,2_Days,no
24,75.98745778,173.3728623,yes,0.978354787,2_Days,yes
26,73.69654854,159.7032613,no,0.96574721,4_Days,yes
24,80.00477519,187.635911,no,0.395155297,2_Days,yes
26,64.46741279,192.5705996,no,0.728370854,5_Days,no
25,71.49318472,164.8155106,yes,0.345806098,1_Day,no
29,72.70783948,192.4385293,no,0.671093157,4_Days,yes
19,83.13863908,178.969768,yes,0.805430043,6_Days,no
18,65.59586225,192.2513235,no,0.946756245,2_Days,no
33,77.34652005,180.3795044,no,0.400212276,1_Day,yes
22,77.52755508,181.3554459,yes,0.783297983,3_Days,yes
20,91.46397243,183.7243465,no,0.265928451,2_Days,no
29,64.92910636,172.0993367,yes,0.990332304,1_Day,yes
25,68.42766682,191.9467414,yes,0.025769599,5_Days,no
39,65.62644318,168.7861936,no,0.603528807,3_Days,yes
20,58.30220828,175.9793326,yes,0.659505982,5_Days,yes
18,92.64686934,185.2426468,yes,0.688045557,6_Days,yes
20,62.58498769,174.9080476,no,0.120387579,1_Day,no
22,66.83694591,187.7753124,no,0.938529783,5_Days,no
32,88.15766508,193.7586617,yes,0.181183279,6_Days,yes
31,57.46892953,190.12546,no,0.622753403,1_Day,yes
20,82.56351569,160.6388469,yes,0.222676079,1_Day,yes
18,60.86975655,181.2584697,yes,0.307216417,5_Days,no
22,87.46694737,190.2868261,no,0.546458542,1_Day,yes
31,53.30122313,166.8325115,no,0.417193419,2_Days,yes
24,57.46530584,187.2361059,no,0.160225601,1_Day,yes
26,69.55077765,186.6746078,no,0.170936402,4_Days,yes
32,84.7182269,167.8791011,yes,0.418144788,6_Days,no
32,74.69041749,188.3423267,yes,0.757282978,1_Day,no
27,71.64284927,182.7269779,no,0.897964647,4_Days,yes
30,88.46044207,186.5038179,no,0.084127662,1_Day,no
36,96.55239538,170.3368761,yes,0.393103908,1_Day,no
24,81.72257284,181.5013612,yes,0.100245564,5_Days,no
34,68.77145497,162.9512145,yes,0.016592481,2_Days,yes
37,70.81856966,157.2300879,yes,0.661718683,6_Days,no
21,62.1155262,181.4082843,no,0.602449442,2_Days,no
22,76.00817422,191.0059761,yes,0.163019114,3_Days,no
24,58.70407014,182.5293681,yes,0.233812833,5_Days,yes
30,80.51863655,179.3655394,no,0.023707754,5_Days,yes
32,95.05574046,178.1246588,yes,0.834947206,2_Days,no
28,82.1759158,170.5743461,yes,0.974690596,5_Days,no
21,70.3085228,177.781391,no,0.135459537,2_Days,yes
30,80.26937413,184.2168447,no,0.231475214,5_Days,yes
24,91.20533445,175.6477777,no,0.868409524,1_Day,no
36,90.70494635,187.5058685,yes,0.926463798,2_Days,no
39,64.96242108,181.9597503,yes,0.419627383,2_Days,yes
19,80.1029639,183.1697942,no,0.050622472,4_Days,yes
27,73.4189851,188.8866275,no,0.039391834,5_Days,no
30,83.06593248,174.7324457,yes,0.573949866,5_Days,yes
38,78.83613954,186.5938059,no,0.392895109,2_Days,no
23,51.30278591,176.1352328,no,0.028652428,1_Day,no
29,71.51986914,183.3951448,no,0.583252392,1_Day,no
29,76.98558363,173.5422865,yes,0.011302537,6_Days,yes
37,60.65635033,170.8929618,yes,0.787371958,1_Day,no
28,80.8102201,180.9186475,yes,0.306432823,5_Days,no
24,59.75984758,161.1479995,yes,0.040258003,4_Days,yes
18,67.01560953,177.0373256,yes,0.588352221,2_Days,yes
18,88.4131192,163.9362299,yes,0.397684414,3_Days,no
37,66.16222211,187.7923403,no,0.973800413,4_Days,no
30,80.73966959,190.501106,yes,0.544198663,3_Days,yes
26,57.46426282,171.3604878,yes,0.275239181,4_Days,yes
20,95.81314657,184.2831296,no,0.709438865,1_Day,yes
24,71.95446362,188.9913571,yes,0.271492003,5_Days,no
23,75.95320807,189.0246922,yes,0.904243291,3_Days,no
25,76.79036797,182.1445083,no,0.374721971,4_Days,no
26,81.07566864,187.3430468,no,0.549868563,5_Days,yes
22,59.80820017,173.5066869,no,0.050573104,3_Days,no
18,74.94663529,180.8312247,yes,0.426121238,2_Days,yes
36,68.41231174,175.3289659,no,0.83236354,4_Days,no
27,58.10442774,172.6621203,yes,0.805648805,2_Days,yes
29,84.871222,180.3606339,yes,0.224318559,1_Day,no
32,71.47827016,183.4753038,yes,0.226079071,2_Days,no
39,77.42520426,191.6350877,yes,0.817305312,2_Days,yes
26,76.79845419,182.6515553,no,0.93039842,6_Days,yes
37,71.65147728,186.4193053,no,0.095360921,4_Days,no
34,94.75027354,186.5328317,yes,0.450058639,1_Day,yes
34,74.52735347,206.8753437,no,0.337454279,2_Days,yes
37,59.42047682,161.899676,yes,0.870688455,5_Days,no
29,70.9961864,173.1206613,yes,0.083524915,3_Days,yes
24,79.9973762,194.7405605,yes,0.211125943,2_Days,no
19,80.32595109,176.4798693,no,0.752468338,1_Day,no
20,64.12219065,188.8580314,yes,0.051293849,2_Days,yes
34,84.29482507,182.3000952,yes,0.492535381,3_Days,yes
22,57.37133071,201.052024,no,0.442107035,1_Day,no
34,86.44135203,168.8694557,no,0.334401179,4_Days,no
34,61.80652111,192.2180055,no,0.394572315,1_Day,no
34,72.73754781,197.4958131,no,0.529940587,4_Days,no
19,85.64568678,169.8558112,yes,0.161367358,1_Day,no
19,76.19605669,187.8287024,no,0.571995878,3_Days,no
39,83.16698518,170.3450201,yes,0.805432329,3_Days,yes
22,81.1866196,180.3016157,no,0.76016093,1_Day,yes
18,87.86268613,177.4341207,no,0.153899905,2_Days,yes
18,85.62209851,155.9724607,no,0.14924947,3_Days,no
36,70.46255691,184.2423426,no,0.268174368,4_Days,yes
19,81.32941634,181.4333917,no,0.361074726,4_Days,no
38,59.73448138,194.7907897,no,0.408455581,5_Days,no
29,74.42095093,186.1114365,yes,0.679697217,6_Days,yes
23,83.18484735,202.9088392,no,0.056680432,6_Days,no
21,76.33847654,181.0704238,no,0.034672704,6_Days,no
28,79.46639732,178.9446995,no,0.391910563,4_Days,no
34,72.86727624,178.1564335,no,0.697163692,5_Days,no
23,86.29069438,175.6041129,yes,0.193435343,6_Days,no
22,74.19584226,157.9224908,no,0.641504481,6_Days,no
37,70.34549818,177.7980537,no,0.259828138,1_Day,yes
19,83.86517413,159.3214527,no,0.886086109,1_Day,no
23,60.94840078,184.5203334,no,0.895689944,1_Day,no
39,80.01033344,167.5993971,yes,0.297287204,2_Days,no
28,64.57515126,171.0566738,no,0.229993754,6_Days,no
33,87.77926829,173.3058981,yes,0.411303972,2_Days,yes
33,72.38972747,177.9506496,no,0.240531585,5_Days,yes
18,76.34984721,180.0686825,yes,0.672383843,4_Days,no
26,79.12570397,190.8447958,yes,0.826064685,6_Days,no
23,55.70315404,174.2246991,no,0.673092131,4_Days,no
33,68.49415158,184.8014614,no,0.824350447,1_Day,yes
20,85.43545909,207.3086723,yes,0.396992162,6_Days,yes
37,83.67765024,183.773507,yes,0.156316971,3_Days,yes
21,77.83032205,178.1951021,no,0.737950947,2_Days,yes
36,61.50536429,172.2084835,yes,0.360474505,2_Days,no
20,80.85503461,178.0566845,yes,0.671270825,6_Days,yes
36,82.1339959,171.1377966,yes,0.270643942,1_Day,yes
37,75.47017213,182.6866143,no,0.081229635,2_Days,no
24,87.23170951,181.0354414,yes,0.992581795,1_Day,no
37,68.1656821,158.3778078,yes,0.156201508,5_Days,yes
26,69.90142423,179.8144199,yes,0.988420994,4_Days,yes
18,50.15388421,190.7614631,no,0.977279933,3_Days,yes
25,84.1982751,176.0088815,no,0.793818104,4_Days,yes
24,78.13861963,173.4710323,yes,0.659422962,4_Days,no
35,58.18179675,166.2229923,no,0.57780705,5_Days,no
25,57.41401,161.4200796,yes,0.866101545,2_Days,yes
18,66.27369373,188.3134927,no,0.289439522,3_Days,yes
28,82.93657942,178.1852167,no,0.467681212,2_Days,yes
35,71.99639512,187.7202156,yes,0.619389969,6_Days,yes
27,66.95213083,195.3132374,no,0.411190476,4_Days,yes
20,64.93884107,189.2124768,no,0.427486454,6_Days,no
24,64.49088042,174.5762768,no,0.330284668,1_Day,no
33,55.66321699,181.4486766,yes,0.564231817,4_Days,no
33,62.92604168,173.8522713,no,0.850574528,2_Days,yes
37,64.2942192,172.9171154,no,0.201528378,4_Days,yes
34,81.82623236,183.4281516,yes,0.934433039,1_Day,no
19,73.34276947,171.6770612,no,0.689087654,5_Days,no
18,66.74415157,157.9084838,no,0.823273213,6_Days,yes
33,98.09722755,171.118521,no,0.556190693,6_Days,no
29,68.36103086,176.9311885,no,0.779516701,2_Days,yes
22,86.67102914,195.213985,no,0.016200397,4_Days,yes
22,91.21108558,175.0906255,yes,0.818380425,2_Days,no
26,59.30039662,185.1192409,yes,0.040138859,5_Days,no
26,75.73962964,178.3169177,no,0.889913376,4_Days,no
20,69.82466349,192.2640514,no,0.991962747,4_Days,yes
36,69.01075603,191.5709639,no,0.294067462,2_Days,yes
33,80.55376817,191.7617511,yes,0.210318556,2_Days,no
33,68.77129504,162.6601647,yes,0.765363364,1_Day,yes
20,70.04030954,182.0672405,no,0.253026341,5_Days,yes
37,73.31885104,187.589386,no,0.865562383,1_Day,yes
39,71.26600732,183.8153856,yes,0.102842592,6_Days,no
18,63.26429793,186.3659633,no,0.125955196,4_Days,yes
37,82.95906505,180.58351,yes,0.979151555,2_Days,no
28,85.48530939,172.5521579,yes,0.673838898,4_Days,no
34,78.4361859,163.0290262,no,0.846887224,4_Days,yes
25,71.23447349,173.5443057,yes,0.324329377,3_Days,no
21,67.94789264,206.7810987,no,0.67648375,6_Days,yes
23,67.96379937,175.1434882,no,0.594241827,3_Days,no
25,98.57376365,160.4060977,no,0.60315012,4_Days,no
37,84.37838302,187.3264936,no,0.68253246,2_Days,yes
20,66.59889921,188.5546001,no,0.575359173,4_Days,no
33,76.64697827,192.8732439,no,0.429062369,6_Days,no
20,71.37464975,184.709785,yes,0.275922694,3_Days,no
35,80.83800376,188.4560151,yes,0.768581331,2_Days,yes
31,80.43499103,198.4021713,yes,0.22627243,4_Days,yes
35,85.83609654,172.5452651,yes,0.692354306,5_Days,no
19,66.49443541,170.5614929,no,0.233332823,6_Days,no
39,76.04735299,169.0541346,yes,0.62533017,6_Days,no
20,57.51453015,177.3423041,yes,0.747078267,5_Days,yes
33,62.426597,194.3342242,yes,0.218713889,4_Days,yes
26,83.84100837,185.2806837,no,0.059943301,6_Days,no
21,65.49316209,184.8869195,yes,0.130973743,2_Days,yes
18,66.59091202,161.8069207,no,0.605996967,4_Days,yes
21,74.91721925,173.0681317,yes,0.849446406,4_Days,yes
18,81.94761031,161.6434237,no,0.044996821,3_Days,yes
31,64.39173204,191.7124579,no,0.734151259,6_Days,no
38,40.19191171,195.8564649,yes,0.341318646,6_Days,yes
33,66.29776758,187.7956673,no,0.47852837,5_Days,yes
37,87.05628078,170.1321395,no,0.92885955,3_Days,no
25,78.43135051,194.8202249,yes,0.331971505,3_Days,no
24,88.23874804,177.4674509,yes,0.465336934,6_Days,yes
20,63.68183858,167.8554072,yes,0.013682415,4_Days,yes
34,58.60603732,170.3559575,no,0.08159872,3_Days,no
18,79.62548553,175.6984336,no,0.258591591,5_Days,no
33,77.40022738,180.4957852,no,0.027852241,3_Days,no
29,78.0555432,178.3865579,yes,0.631375326,5_Days,yes
36,84.32996643,165.8733158,no,0.426398357,3_Days,yes
39,79.21684924,192.1331641,no,0.548145203,5_Days,no
39,79.05617593,178.4939408,no,0.174647186,3_Days,yes
31,82.15007014,172.8624614,no,0.295932029,3_Days,no
23,80.02416632,191.1030236,no,0.663824475,2_Days,yes
23,83.57445932,168.1659381,no,0.965302724,5_Days,no
30,85.08520825,163.7110982,no,0.050416774,5_Days,no
36,90.31688801,192.7248745,yes,0.890384321,5_Days,yes
39,68.50808675,198.9138785,yes,0.576881201,1_Day,yes
25,79.80562107,175.3790398,yes,0.563919567,3_Days,yes
19,71.29676631,179.5402999,no,0.500278535,5_Days,yes
38,66.66441013,168.5333529,no,0.069394086,6_Days,yes
18,68.10459679,180.0549255,yes,0.089876852,1_Day,yes
32,79.94955518,175.2429474,no,0.600912006,2_Days,no
18,79.18252555,178.9787156,yes,0.340958571,5_Days,yes
22,79.00412029,184.0925839,no,0.917268067,5_Days,no
33,72.74286352,169.0185452,no,0.406590537,1_Day,no
36,75.03414751,176.3818866,yes,0.143281459,3_Days,yes
21,83.17752696,161.9621858,yes,0.714718834,6_Days,no
20,60.1060694,176.4501272,yes,0.293353421,2_Days,no
34,75.24642098,179.0656593,yes,0.525470307,5_Days,yes
34,75.89956148,182.2898243,yes,0.697832786,3_Days,yes
29,82.53304269,182.3957654,no,0.900264111,6_Days,yes
31,61.49751588,189.0392275,no,0.792191195,6_Days,no
38,89.95133746,164.6033348,no,0.676361068,2_Days,yes
23,77.13630424,165.1372297,yes,0.679633182,4_Days,yes
20,77.66580547,185.2895794,yes,0.945924644,6_Days,yes
26,70.98620243,159.6103872,yes,0.295824097,4_Days,yes
22,80.38022355,181.8330021,yes,0.001112094,6_Days,no
34,75.4795405,168.1970706,yes,0.271954559,2_Days,yes
31,87.08981944,195.7281464,yes,0.21789138,1_Day,no
38,60.58505752,182.5045241,no,0.661834585,2_Days,yes
20,76.7554583,177.8084398,no,0.6337116,2_Days,no
18,79.08512348,192.2772088,no,0.593461383,1_Day,no
37,73.13627606,169.3659799,no,0.016243443,1_Day,no
38,70.95334177,171.2659037,no,0.728778054,3_Days,yes
18,71.37042721,167.3854517,yes,0.323530412,6_Days,no
20,76.74639269,171.3496077,yes,0.665055989,3_Days,yes
35,56.90041099,180.6111561,yes,0.556578429,1_Day,yes
27,84.65014961,184.9395187,yes,0.342730925,4_Days,yes
39,70.19868132,189.6142169,yes,0.134576267,4_Days,yes
20,76.27802697,161.7527595,yes,0.094418898,2_Days,yes
25,78.67102267,178.2813701,no,0.831518333,5_Days,no
31,69.74194613,168.9183547,yes,0.918397542,2_Days,yes
35,73.68961593,177.9471291,yes,0.649788047,2_Days,no
32,54.64759759,203.3416358,yes,0.103434115,5_Days,no
39,82.32123607,182.9186176,yes,0.402027217,6_Days,no
19,85.80069,188.9946497,no,0.7289392,1_Day,no
27,57.99006448,199.6069127,no,0.779820884,4_Days,no
19,70.93507123,191.2735824,yes,0.118218622,2_Days,no
34,62.70130622,175.5208552,no,3.07E-05,5_Days,no
25,73.22259679,167.2416791,no,0.712137046,3_Days,yes
18,81.48636335,179.6985573,yes,0.356596176,2_Days,no
26,84.87308899,174.3229422,yes,0.254481332,4_Days,yes
28,86.21853189,164.7547871,yes,0.01289747,1_Day,no
39,88.10543825,182.40925,yes,0.540299407,2_Days,no
33,72.77587222,182.658863,yes,0.851150735,2_Days,no
24,63.53041371,197.691167,no,0.957631646,6_Days,no
27,73.854097,176.3823693,yes,0.565744951,5_Days,yes
20,81.33267502,182.8012139,yes,0.514461328,3_Days,yes
35,62.72740219,173.3451459,yes,0.085056385,3_Days,yes
30,91.60136953,188.7316943,no,0.548872802,1_Day,no
24,83.97888539,178.753822,yes,0.379979079,4_Days,no
21,72.93432832,168.2740839,yes,0.607135281,1_Day,no
30,67.8912807,179.8652818,yes,0.388726348,2_Days,yes
37,68.30878919,183.905229,no,0.240299123,2_Days,no
18,75.74206214,182.5527339,yes,0.094965275,3_Days,yes
25,72.70597397,190.4589672,yes,0.314918445,4_Days,yes
31,84.50502755,165.5194363,yes,0.096644834,5_Days,no
33,71.57024172,171.5725741,no,0.176896951,4_Days,no
31,80.05501811,186.3978733,yes,0.987336159,2_Days,yes
29,74.71075116,172.7473102,yes,0.444103557,5_Days,yes
36,77.69669357,182.4047125,yes,0.531871767,4_Days,yes
32,72.69943564,155.8025475,no,0.873618529,4_Days,no
19,82.07715541,207.1594657,yes,0.9955689,5_Days,no
19,82.2254008,177.3028147,yes,0.582714449,2_Days,no
39,79.59929026,191.9395626,yes,0.812473821,4_Days,no
36,81.07514327,176.6310217,no,0.326941024,5_Days,no
39,65.55631222,184.1469853,no,0.305743957,6_Days,no
39,78.23245763,194.9191965,yes,0.402703721,6_Days,yes
34,87.49201767,191.6580602,no,0.672507263,2_Days,yes
37,79.91404567,177.9554502,no,0.682191689,5_Days,yes
27,64.69282497,178.6474567,no,0.315239435,6_Days,no
23,74.5023349,190.0356656,yes,0.133209924,5_Days,yes
32,78.74977938,203.332444,yes,0.632396256,4_Days,no
39,67.42600483,181.9228267,no,0.128325862,2_Days,no
28,61.41728803,199.5706364,no,0.578492508,6_Days,yes
22,71.83902132,177.5858559,no,0.693422128,4_Days,no
18,67.59167592,189.5196036,yes,0.700611496,1_Day,yes
25,74.85710969,191.0115576,yes,0.753472111,1_Day,yes
38,59.08595353,175.900395,no,0.872859422,2_Days,no
29,80.64701063,172.5292192,no,0.499958992,6_Days,yes
29,68.65394965,191.4538919,no,0.73024919,6_Days,yes
22,84.95752237,174.6844306,no,0.619172735,6_Days,yes
24,72.2310116,171.0565009,yes,0.18663994,5_Days,yes
21,74.74610954,173.160405,no,0.025689645,4_Days,no
23,73.26965121,174.6438666,yes,0.284541386,6_Days,yes
30,68.1184031,188.566171,no,0.443033706,4_Days,yes
37,99.72279462,185.1504267,no,0.617105944,2_Days,yes
32,70.04133822,187.1565824,no,0.849959331,6_Days,no
20,85.23521522,184.2137981,no,0.196245717,2_Days,yes
25,64.06371054,174.0615984,no,0.12554979,6_Days,no
37,78.72131391,186.9710286,yes,0.963479947,1_Day,yes
33,79.78872164,191.8245383,no,0.108044559,3_Days,yes
30,74.75823023,185.8450322,no,0.47849107,2_Days,yes
35,69.2899528,184.4965591,no,0.585563729,6_Days,no
27,72.36678097,172.3294549,yes,0.541374421,3_Days,no
36,70.96710498,182.1181708,yes,0.086032157,2_Days,no
34,99.02026282,171.7975867,yes,0.057026914,5_Days,no
36,74.77396911,179.7597214,yes,0.105483427,6_Days,no
22,80.24888779,163.5973336,no,0.585587684,5_Days,no
38,92.8162509,163.674416,no,0.544344888,1_Day,yes
26,66.23681332,178.0895231,no,0.233740792,6_Days,no
29,75.37660233,174.5156033,yes,0.637774142,1_Day,yes
38,72.30813868,181.0678719,no,0.820067502,3_Days,no
18,74.13861555,178.6523142,no,0.04157896,2_Days,no
18,73.20988033,180.3019079,yes,0.498129944,4_Days,no
32,67.68122914,186.0860744,yes,0.689310412,1_Day,yes
19,76.95410285,175.3673104,yes,0.252311927,4_Days,no
39,64.37367223,177.8055619,no,0.307770905,4_Days,no
33,84.88882737,194.5502122,no,0.613637903,2_Days,yes
25,81.23309807,180.0308413,yes,0.897935293,3_Days,yes
30,70.06537184,178.2078953,no,0.80992442,2_Days,yes
38,70.55016679,180.825127,yes,0.583130219,6_Days,yes
18,77.75510562,178.3863563,yes,0.730221718,1_Day,no
33,67.01454684,172.9042771,no,0.36482247,4_Days,yes
24,93.11980124,170.0197016,yes,0.640965528,2_Days,no
22,78.57925729,172.3656866,yes,0.466181591,2_Days,no
39,78.93263151,188.7291919,yes,0.189936136,2_Days,yes
20,81.8144508,173.7009475,no,0.701738274,1_Day,no
29,69.20536726,178.450754,yes,0.556464637,3_Days,yes
33,85.89009982,187.0073629,yes,0.358621582,2_Days,no
36,76.14533366,177.2160883,yes,0.91133919,1_Day,yes
22,84.50145471,186.3336131,yes,0.020934118,4_Days,yes
39,73.02046873,164.5920696,yes,0.315773151,6_Days,yes
31,88.17278227,178.6748332,yes,0.056881398,5_Days,yes
22,79.01343627,180.788961,yes,0.766527316,1_Day,yes
32,96.82507024,180.2313872,no,0.702107454,5_Days,yes
34,71.30478383,163.470813,no,0.331352219,2_Days,no
31,77.04549396,192.0311265,yes,0.675662902,2_Days,no
37,64.68423753,171.4532706,no,0.395937226,1_Day,no
22,69.70701762,183.3503713,no,0.756253791,5_Days,yes
29,81.18686548,180.0796428,yes,0.454183663,2_Days,no
33,86.29324438,190.0370952,no,0.412279728,4_Days,yes
33,104.6501035,201.8748883,yes,0.934729915,3_Days,no
38,74.03371093,167.0963552,yes,0.2508791,3_Days,no
24,65.66786592,173.5108612,yes,0.12044734,2_Days,yes
21,82.5332576,181.8909249,yes,0.584543113,5_Days,no
18,63.72172779,168.9464668,yes,0.969321812,6_Days,no
22,80.64277388,187.8218261,no,0.377839214,2_Days,no
27,69.97744284,188.4337262,yes,0.062036764,6_Days,yes
39,77.1159497,185.5944908,no,0.339305267,6_Days,no
22,85.91046102,182.3658175,yes,0.505931654,5_Days,yes
21,73.89266571,193.6970878,yes,0.161923007,6_Days,no
19,84.32879084,168.4437452,yes,0.658102218,4_Days,no
37,83.73158549,180.652682,no,0.997749389,5_Days,no
27,56.35668472,172.6119713,yes,0.451739476,2_Days,no
36,65.98399254,188.8991633,yes,0.354728557,4_Days,yes
18,59.38193139,161.6665884,yes,0.400704167,1_Day,no
22,95.01737103,179.7191613,yes,0.115146178,3_Days,yes
30,73.94608075,183.3523869,no,0.883273601,2_Days,yes
21,92.80829213,170.5250787,yes,0.414825656,2_Days,no
33,58.67047719,173.7380997,no,0.387274411,2_Days,no
33,69.27231575,180.1537898,yes,0.659690273,4_Days,yes
19,83.00498242,189.5509638,no,0.442033421,1_Day,yes
34,76.79274604,169.6713077,no,0.648233469,5_Days,no
37,80.32859893,171.4155006,yes,0.06144629,1_Day,no
29,62.46191766,191.2558777,yes,0.813723344,4_Days,no
35,88.76803493,177.270246,no,0.940503953,2_Days,no
20,82.77016096,172.2246096,yes,0.648765386,3_Days,no
18,79.01625505,187.286848,yes,0.954565929,2_Days,yes
18,68.14389719,175.11803,yes,0.151432314,5_Days,no
36,78.23800128,190.2742154,no,0.477416189,6_Days,no
28,72.08510021,173.3627962,yes,0.601806734,3_Days,yes
22,58.4950879,178.4040544,yes,0.581736647,2_Days,no
29,74.49577148,189.4497167,yes,0.401461779,3_Days,no
20,73.43269602,177.7373913,no,0.338084409,6_Days,yes
18,85.6240151,187.5605332,yes,0.126824023,1_Day,no
18,52.65573558,179.3445239,no,0.391742451,4_Days,yes
25,77.35199829,199.8169181,yes,0.162660815,2_Days,no
27,63.44431952,195.687786,no,0.734365676,5_Days,no
28,78.19223342,166.7190374,yes,0.208830935,1_Day,no
29,78.74280056,185.2224368,yes,0.058565305,2_Days,yes
30,74.13155223,171.8359601,no,0.552366138,1_Day,yes
29,83.07293125,181.9150694,no,0.595229733,5_Days,yes
31,62.54233941,180.6837063,no,0.871913061,2_Days,yes
19,86.0772045,169.4461298,yes,0.576981612,6_Days,no
36,67.91921134,190.5848454,yes,0.345480854,6_Days,yes
35,59.4410135,182.0330294,yes,0.803011882,5_Days,yes
20,72.2760403,177.1531696,yes,0.540278893,3_Days,yes
34,54.04842477,175.6189018,no,0.079280285,5_Days,no
25,77.54173892,181.3977697,yes,0.56585056,3_Days,no
27,72.40749557,184.0792502,yes,0.908018545,2_Days,yes
19,87.33686921,178.7502421,yes,0.396312625,3_Days,yes
36,81.48924211,151.6748043,yes,0.296325802,2_Days,no
26,61.08003663,180.1689072,yes,0.143469457,2_Days,yes
24,66.61612509,165.5851794,yes,0.151445522,4_Days,yes
21,80.20664421,177.9054743,yes,0.432771484,2_Days,yes
38,83.4707901,165.9543574,no,0.595679824,3_Days,yes
35,87.22500915,165.8350236,yes,0.080615405,4_Days,no
30,87.14509285,192.3512182,yes,0.939568589,4_Days,no
28,74.1047739,176.7990802,yes,0.755133617,2_Days,no
21,78.62655622,176.0333784,yes,0.586623918,5_Days,yes
38,87.98738504,184.8252405,no,0.828438671,5_Days,yes
21,71.96691538,176.2940948,no,0.080186757,6_Days,no
27,78.79726187,201.0380609,no,0.476838878,4_Days,no
22,71.7311922,177.2698024,no,0.630093127,2_Days,no
26,69.49051886,183.6512541,no,0.828652906,5_Days,yes
20,75.48385118,189.7094133,no,0.78346956,2_Days,no
34,68.12456549,196.0225323,yes,0.27706925,2_Days,yes
20,73.69084027,172.5799386,no,0.94088017,4_Days,yes
33,64.65045135,175.820365,no,0.124345841,6_Days,no
21,73.10005613,192.7459188,yes,0.875133619,4_Days,no
35,79.48390294,188.100623,no,0.97094025,1_Day,yes
34,69.11236464,190.7517594,yes,0.177153523,5_Days,no
24,75.09291753,166.3129546,yes,0.722066064,5_Days,no
22,76.39342594,195.4799975,no,0.040285519,5_Days,yes
29,79.52534892,172.3859246,yes,0.405422825,3_Days,yes
34,73.66420159,181.9229298,no,0.516283299,2_Days,yes
30,85.85866342,178.5177712,no,0.580645226,4_Days,yes
20,53.99081139,171.2151716,yes,0.935937248,5_Days,yes
26,104.3775285,165.8746424,yes,0.672250687,1_Day,no
34,66.28866236,162.5615188,no,0.481277951,5_Days,yes
34,79.03390023,181.1901841,yes,0.809675036,6_Days,yes
37,65.6153209,164.7468091,yes,0.950532821,2_Days,yes
33,81.4426816,168.661844,no,0.022066149,2_Days,no
39,77.76569153,177.8196412,no,0.982521272,4_Days,yes
30,68.49286463,153.611915,yes,0.086132139,3_Days,yes
36,85.73087345,187.7897971,no,0.814386779,4_Days,yes
34,73.3603912,155.9011183,no,0.280334753,5_Days,no
21,80.47215938,179.2262761,no,0.132179658,6_Days,yes
29,65.82840195,180.1501923,no,0.43985564,1_Day,yes
26,74.69112364,185.3806172,no,0.643956579,4_Days,yes
36,95.03407267,179.583192,no,0.380951845,3_Days,no
29,84.62965529,200.1790796,no,0.054565408,4_Days,no
26,78.07620755,182.1631688,yes,0.59946114,2_Days,no
24,70.51079172,190.536124,no,0.902403276,5_Days,no
31,75.67498536,172.7653719,yes,0.383215366,5_Days,yes
37,76.9756599,181.2075681,yes,0.216332778,5_Days,yes
36,79.49228435,195.475701,yes,0.442577346,5_Days,no
32,64.23339492,177.6230488,no,0.048362711,5_Days,no
33,81.68407961,181.9223476,no,0.820487584,5_Days,yes
38,64.10406902,189.8085345,yes,0.826340811,1_Day,yes
22,91.31125852,172.5777048,no,0.588000463,3_Days,no
20,67.28371678,158.3843967,yes,0.353102889,5_Days,no
29,77.9662832,182.5557365,no,0.799783364,3_Days,no
37,85.05142573,189.8866917,no,0.554687025,6_Days,no
38,72.47619957,166.4855424,yes,0.825932309,5_Days,yes
21,78.40600019,186.702199,yes,0.631458793,4_Days,no
38,89.35181549,186.7696639,yes,0.784405473,5_Days,no
33,80.64402988,157.2650374,no,0.598562993,2_Days,yes
24,78.5555063,170.6371137,yes,0.414141068,1_Day,yes
30,58.15214605,176.0417122,no,0.95794586,4_Days,yes
38,65.66277747,178.20376,no,0.541113825,4_Days,yes
27,85.46920128,172.5686574,no,0.605089519,2_Days,yes
24,80.69950305,172.029972,yes,0.220487639,5_Days,no
31,82.21466274,196.7148289,yes,0.625650789,1_Day,no
22,81.35396932,178.9244087,yes,0.571607649,4_Days,no
20,87.89756528,173.0495634,no,0.184838398,1_Day,yes
28,72.38600075,179.5883052,no,0.059587097,4_Days,no
28,76.20499959,185.3709083,yes,0.60435932,5_Days,yes
35,64.71325667,180.5162638,no,0.763692269,6_Days,no
32,62.21977417,177.9427241,no,0.523401371,4_Days,no
29,58.56259284,173.4998333,yes,0.226772625,6_Days,yes
26,66.14836501,173.3786915,yes,0.666521977,4_Days,yes
27,90.52561815,174.0219161,yes,0.080105727,3_Days,no
29,59.47272932,183.388146,no,0.441833705,5_Days,no
34,71.96464014,170.0581991,no,0.163366758,2_Days,no
23,62.06854676,183.9326922,no,0.184459051,6_Days,no
24,68.99026037,194.1299476,no,0.202293949,2_Days,no
31,76.69693792,183.2570736,no,0.386707057,5_Days,yes
30,67.99884127,176.3041447,yes,0.051150206,2_Days,yes
25,85.89664865,167.0187311,no,0.397793441,5_Days,yes
27,90.33978121,195.7810681,no,0.511707447,2_Days,yes
26,52.50904272,168.2998235,no,0.483294285,6_Days,no
35,68.1700767,188.4856203,yes,0.3827841,3_Days,no
19,75.59142122,186.3851786,yes,0.839146608,2_Days,yes
22,86.26117026,177.632314,yes,0.145326692,6_Days,no
22,70.45755725,177.370212,no,0.505696744,4_Days,yes
23,74.80064605,161.6428873,yes,0.062041417,5_Days,no
36,63.43255775,183.30065,yes,0.071155679,1_Day,no
25,59.67204148,186.1992633,yes,0.57386585,1_Day,no
33,89.4538469,169.1091988,no,0.566018425,5_Days,yes
30,56.75930126,178.4417853,yes,0.878033513,3_Days,yes
18,98.28619008,180.3786192,no,0.557873676,2_Days,yes
39,82.25151399,185.8457263,no,0.95979102,3_Days,yes
37,81.79973076,180.0380308,yes,0.048694848,1_Day,no
34,80.75468667,163.7368065,no,0.098007685,6_Days,no
24,72.47314312,174.7006223,yes,0.044065862,5_Days,no
30,78.9208453,182.2462579,no,0.18527685,5_Days,no
21,73.11103312,188.4152834,yes,0.541270111,3_Days,yes
21,80.53073276,173.8236339,yes,0.645572181,6_Days,no
23,74.66313473,201.8764987,yes,0.045585158,3_Days,no
36,65.49651817,161.0552693,no,0.94597089,2_Days,no
29,66.29427384,174.3629982,yes,0.842165377,4_Days,yes
39,65.15727625,179.169664,no,0.296612482,6_Days,yes
24,84.70900732,177.9925084,yes,0.07718753,4_Days,yes
27,68.82553388,167.6785767,no,0.169887073,2_Days,no
36,55.87896839,184.4786175,no,0.126944414,4_Days,yes
24,78.96838666,183.7109405,yes,0.123283779,1_Day,no
20,90.14517563,180.4796145,yes,0.518561689,4_Days,no
30,82.73083189,183.3184386,yes,0.245847442,2_Days,no
30,68.96676435,175.7622359,yes,0.358139717,4_Days,yes
35,59.13188284,163.8263705,yes,0.989505333,5_Days,yes
37,73.65731897,172.8336013,no,0.684314249,3_Days,no
25,73.40776122,181.5705458,yes,0.948980667,1_Day,no
26,65.3080039,181.6274441,yes,0.142556555,5_Days,yes
24,80.51037302,180.4137905,no,0.382139475,5_Days,yes
18,93.46626501,185.4870827,yes,0.554731803,2_Days,yes
20,77.22282717,174.1885395,yes,0.076758062,3_Days,no
30,76.60476207,180.2668106,no,0.004187444,3_Days,no
34,65.62771951,185.7209278,yes,0.670434334,6_Days,no
18,88.97414703,179.1511018,yes,0.641819517,1_Day,yes
23,74.24855833,167.5667607,yes,0.41078881,2_Days,yes
38,69.21036745,170.3851163,no,0.489644076,1_Day,yes
23,75.63688394,188.3085232,yes,0.415443001,6_Days,no
29,79.71961333,193.9247216,no,0.024005045,4_Days,no
30,76.39215409,191.7528311,yes,0.335371606,5_Days,yes
30,87.06153396,182.3215595,no,0.177082255,1_Day,no
32,78.83971553,167.968674,yes,0.098424189,5_Days,yes
38,72.16058189,179.9364844,no,0.956720434,2_Days,no
33,79.01192216,195.6225513,no,0.599359725,4_Days,yes
39,79.99637101,186.1848838,no,0.728656284,2_Days,no
38,62.03624081,177.9252248,no,0.315363743,4_Days,no
28,86.49419728,186.2862523,no,0.393147129,4_Days,yes
22,71.99095981,167.3060479,no,0.236923994,5_Days,yes
21,72.24676776,173.0432862,yes,0.096965671,2_Days,yes
20,82.51375987,169.1580861,yes,0.179031637,2_Days,yes
36,82.47165224,184.6957182,no,0.797514045,1_Day,yes
37,67.99168321,187.141035,no,0.677545805,2_Days,no
35,83.02901618,178.4617397,no,0.546928876,1_Day,yes
32,69.39551849,171.2707032,no,0.475089873,3_Days,yes
26,93.19573047,179.8025091,yes,0.922434284,3_Days,yes
34,66.71806019,175.1342011,no,0.072734948,3_Days,no
31,77.39477462,172.038293,yes,0.280600813,6_Days,yes
32,67.17982363,183.3899369,yes,0.349937854,2_Days,yes
18,97.22695629,172.4200778,no,0.782425812,6_Days,yes
38,62.62179056,164.3365027,no,0.99251462,2_Days,no
39,80.24362747,166.5588553,yes,0.240670515,1_Day,no
39,67.65089586,163.9673953,yes,0.874307334,6_Days,yes
20,71.45892359,182.4751192,no,0.83062276,6_Days,no
33,79.53537834,181.5040544,no,0.224657398,6_Days,yes
28,87.24584438,181.0052009,no,0.39933258,4_Days,no
29,91.23396562,185.8773165,yes,0.409672869,1_Day,yes
27,59.6305204,191.9195886,yes,0.978220669,3_Days,no
33,77.67751224,174.0773347,no,0.180891901,1_Day,yes
25,89.59493603,184.0647748,yes,0.799157971,4_Days,yes
23,58.14689061,164.2038449,yes,0.334192714,2_Days,no
29,78.14383494,193.7870975,no,0.730870346,1_Day,yes
38,74.97916203,167.5516876,no,0.420011004,6_Days,yes
25,79.14541814,172.8991888,yes,0.578359763,3_Days,yes
21,67.27695975,174.0229049,yes,0.832611773,3_Days,yes
25,60.64381172,164.73729,no,0.804165565,2_Days,no
35,55.86893575,180.3257558,no,0.866423184,1_Day,yes
22,84.76383953,182.1390387,no,0.059617325,4_Days,no
26,86.04049136,178.1058633,no,0.692050553,2_Days,no
21,78.02685349,164.5975237,no,0.139987377,1_Day,no
39,69.6585165,199.8338623,yes,0.415818568,5_Days,no
34,58.76954107,185.492308,yes,0.548588415,3_Days,yes
26,80.63345463,206.3422204,yes,0.402739485,4_Days,yes
18,63.99220717,171.9489076,yes,0.519611676,6_Days,no
38,67.88701375,189.5788223,no,0.996526309,4_Days,yes
37,69.1343592,187.7927389,no,0.135217314,6_Days,no
30,73.02464774,177.094249,no,0.675456045,4_Days,yes
33,67.40959553,194.110509,yes,0.396000966,3_Days,yes
30,75.33458771,175.9458999,yes,0.133009799,6_Days,yes
31,68.78181699,176.3910858,yes,0.158736763,1_Day,no
20,82.01373065,145.2857011,no,0.949273106,6_Days,no
23,85.31062914,184.0902805,yes,0.879601497,2_Days,yes
35,76.08542676,166.7449009,no,0.90704196,1_Day,no
36,79.62626335,174.492788,no,0.991532776,2_Days,no
22,96.1785595,169.7378036,no,0.20831539,4_Days,yes
32,63.27396743,176.3376846,no,0.355439337,1_Day,no
19,62.66531899,184.4388023,no,0.66921903,4_Days,yes
27,81.94997901,180.1114156,no,0.48380254,5_Days,yes
35,94.46542838,187.0964129,yes,0.418389533,4_Days,yes
30,72.39501438,192.6562954,no,0.357811249,4_Days,no
22,92.26833842,176.3120406,no,0.593780632,2_Days,yes
18,75.96433719,175.2143276,yes,0.575593429,6_Days,yes
39,68.19112718,189.5772765,no,0.161457834,5_Days,no
18,65.09307611,190.3704729,yes,0.471739838,4_Days,no
35,81.29413585,187.4059087,yes,0.553471776,4_Days,no
32,65.85040932,170.4782119,yes,0.570286939,5_Days,no
34,75.81276843,184.2265507,no,0.210107193,5_Days,yes
28,90.83465025,181.094706,no,0.742271392,1_Day,no
38,71.93219607,190.5252894,yes,0.025199095,2_Days,no
39,88.14009475,174.2712791,no,0.354831856,5_Days,no
34,62.8545651,163.3338971,no,0.780212649,5_Days,no
30,69.66090899,186.902368,yes,0.563892921,3_Days,yes
18,60.92855974,154.4163162,yes,0.261162433,6_Days,no
19,75.72996756,172.684866,no,0.694953119,5_Days,yes
26,82.8007818,169.7680449,yes,0.567390944,2_Days,no
20,75.75187088,169.7006533,yes,0.796243609,6_Days,yes
18,87.2705006,172.5096853,yes,0.735025186,6_Days,yes
38,67.50820759,192.1737357,no,0.610107922,4_Days,no
33,77.25342754,188.2055542,no,0.488177675,4_Days,yes
23,69.72530676,177.4826932,no,0.133182126,4_Days,no
34,78.61676585,191.3362347,yes,0.261333018,4_Days,yes
22,80.03736046,169.3770284,no,0.419099473,3_Days,yes
22,80.8239596,168.0171661,yes,0.599299287,5_Days,yes
23,64.29405662,188.6359666,no,0.513707855,4_Days,no
20,66.10253898,185.7964323,no,0.288184526,1_Day,yes
38,67.95712292,175.397366,yes,0.006464358,4_Days,no
22,72.61119252,168.6453911,no,0.496239222,5_Days,yes
38,75.87186404,194.5973188,yes,0.285625989,4_Days,yes
22,82.08089122,162.7989745,no,0.734608301,3_Days,yes
27,66.51901301,174.0157406,no,0.023946265,2_Days,yes
27,58.98980702,182.2857653,yes,0.584827811,2_Days,yes
36,96.55743163,198.0216481,yes,0.941474238,5_Days,yes
34,63.68546979,183.8310021,yes,0.174409267,2_Days,no
38,83.36323723,184.8030465,no,0.471649491,2_Days,no
31,75.31266877,174.306163,no,0.091421992,1_Day,no
26,77.51305641,185.6848023,no,0.625681912,5_Days,yes
31,74.98449494,181.0530932,yes,0.550531681,5_Days,no
18,71.15158118,164.1153546,yes,0.407365524,2_Days,yes
36,79.63972283,187.9293485,yes,0.521377021,2_Days,no
30,70.61412794,189.7039339,no,0.896574658,2_Days,no
30,86.66302747,188.0336505,no,0.196294302,6_Days,yes
21,80.68441006,180.3332793,yes,0.022564512,3_Days,yes
18,80.99594113,170.4382312,no,0.861664885,4_Days,no
34,69.9287694,156.9081627,yes,0.577117082,3_Days,no
25,72.63645263,181.5705361,no,0.890658455,5_Days,no
19,63.12087191,190.8194206,no,0.596945223,1_Day,no
25,71.46983943,189.9553247,yes,0.81016109,4_Days,yes
24,64.63424084,188.1607284,no,0.429673363,1_Day,no
19,88.13068516,179.2578902,no,0.749859931,6_Days,yes
39,75.50535816,190.8746417,yes,0.913041467,5_Days,yes
39,76.70497235,189.2416182,yes,0.572122964,6_Days,no
20,72.74853473,175.7736644,no,0.180785151,5_Days,yes
35,76.97578922,186.7659802,yes,0.268797615,1_Day,no
29,99.64877636,174.6404085,no,0.198644577,1_Day,yes
18,71.99859716,185.4002423,yes,0.246857028,1_Day,yes
39,68.49586965,167.0088336,no,0.306415449,5_Days,no
29,80.29693133,167.7778819,no,0.555133787,2_Days,yes
22,49.74281366,190.5820705,yes,0.587991629,1_Day,yes
34,75.63956787,189.3756012,no,0.426499747,6_Days,no
33,71.28287097,186.3361154,no,0.61542078,4_Days,yes
32,65.07686734,180.8796882,yes,0.081574926,5_Days,yes
32,80.0775767,156.0872557,yes,0.087788237,6_Days,no
22,75.53988418,179.2512406,no,0.17182946,3_Days,no
38,56.97591093,184.5418317,yes,0.518077498,3_Days,yes
31,68.53470479,174.6526675,yes,0.213994679,4_Days,yes
19,46.11728795,172.8750581,no,0.283284403,2_Days,yes
28,77.93269314,194.4442039,no,0.400312836,1_Day,no
36,77.83299418,179.3971101,yes,0.811866124,5_Days,yes
24,67.06718106,184.5479517,yes,0.013862136,6_Days,yes
23,80.40112712,187.7413146,yes,0.64937882,1_Day,yes
19,62.17501379,169.9856292,no,0.668876531,6_Days,yes
23,65.33482974,181.9320742,no,0.79865578,5_Days,yes
35,79.17190464,193.1964449,no,0.932752939,3_Days,yes
19,68.11333245,198.1922318,no,0.020137849,1_Day,no
35,74.37343044,180.399364,no,0.153783706,4_Days,no
32,69.36350973,177.6205645,no,0.886171294,2_Days,yes
36,70.89068844,182.6902407,no,0.458518562,4_Days,yes
19,71.32775784,182.4363705,yes,0.564590639,2_Days,no
37,67.93243243,193.8675807,yes,0.663027204,6_Days,no
23,78.02449714,170.0360831,no,0.679066604,1_Day,no
18,68.72071513,177.2012691,no,0.931740403,1_Day,yes
32,75.15686714,168.8285867,no,0.996949417,2_Days,yes
27,67.71268319,169.8790511,yes,0.720157461,3_Days,yes
36,59.65701374,183.7657402,no,0.287221209,5_Days,yes
34,84.12435249,188.0985784,yes,0.879752402,4_Days,no
22,79.99526985,173.5060831,yes,0.049220915,6_Days,no
21,97.88682069,187.7209479,yes,0.231080853,4_Days,no
27,64.5602716,191.1157866,yes,0.897385717,4_Days,no
34,72.91039513,199.34706,yes,0.256191514,6_Days,yes
27,73.71492519,180.6974685,no,0.22065106,6_Days,yes
34,84.89369438,173.6023547,no,0.138125293,1_Day,no
37,69.92892106,169.9752807,yes,0.859111758,4_Days,no
22,63.28958146,168.982068,no,0.500058259,5_Days,no
19,87.07809308,192.497807,yes,0.674893203,5_Days,no
23,71.83349971,164.8490466,yes,0.239066384,2_Days,no
38,83.7864351,192.1774849,no,0.758040421,6_Days,yes
19,82.62198401,171.3155897,no,0.760005545,1_Day,yes
30,74.70109526,173.147938,no,0.312598025,5_Days,no
28,73.25686295,178.4844454,no,0.410682633,3_Days,no
28,71.08435194,172.9634545,no,0.209690277,1_Day,no
33,74.84806871,189.3197975,yes,0.976561023,1_Day,yes
28,83.63100226,198.1334395,no,0.645602577,5_Days,yes
36,67.03559819,173.4256784,no,0.934543881,3_Days,yes
32,76.0884563,175.6776216,no,0.303385544,2_Days,no
33,63.81368572,178.3667919,yes,0.781890913,5_Days,yes
28,65.05893767,185.4105676,no,0.765858644,3_Days,no
39,74.69061003,178.4651572,yes,0.691655652,1_Day,yes
33,55.39841992,193.8725741,no,0.965638975,3_Days,yes
25,95.60558617,191.4662392,no,0.393555336,1_Day,yes
21,63.06940045,168.1453765,yes,0.130717324,5_Days,no
25,74.59911487,185.2096817,no,0.671708859,6_Days,no
21,86.68217722,195.2033924,no,0.7293098,5_Days,yes
20,66.37094661,175.0521905,yes,0.575060573,4_Days,no
20,51.9730301,177.0573513,no,0.206817893,4_Days,no
35,70.5505424,174.71963,yes,0.504455942,4_Days,no
36,66.2517962,174.9292438,yes,0.312189737,5_Days,no
36,52.23626491,163.3154845,yes,0.427466528,2_Days,no
38,77.84889893,166.7168505,yes,0.645218576,5_Days,no
22,77.07093862,180.7747372,yes,0.745214743,6_Days,no
35,86.42326455,195.1359797,no,0.232224691,3_Days,yes
27,63.79177634,173.8663919,no,0.405325361,5_Days,no
39,59.00863514,173.572427,no,0.269161571,5_Days,no
38,70.93276917,197.0152107,yes,0.198631614,1_Day,yes
23,74.11657341,168.9174254,yes,0.78338722,1_Day,yes
18,84.21349603,163.3875684,yes,0.909252694,1_Day,yes
22,89.10568005,171.7148456,yes,0.370232186,5_Days,yes
26,87.14479134,173.3721552,no,0.751278924,2_Days,no
29,77.76543667,162.5254692,no,0.896995289,3_Days,yes
31,82.99499254,178.7195829,yes,0.846124211,3_Days,yes
19,68.59506565,189.4844635,yes,0.182813389,6_Days,no
34,76.68395192,167.1404523,no,0.956291882,2_Days,no
31,63.08709861,180.8757822,yes,0.37667644,2_Days,no
30,75.62685397,183.9593568,yes,0.339240661,3_Days,yes
26,75.88646697,179.1661572,yes,0.062431327,4_Days,no
32,92.22128606,181.8569259,no,0.486173654,1_Day,yes
39,72.71017139,181.9732726,no,0.109013616,1_Day,no
32,75.90042838,171.8727204,yes,0.248539821,3_Days,no
28,77.36961416,194.9858257,no,0.316942622,2_Days,yes
33,70.45179684,192.4775683,yes,0.808826323,6_Days,no
34,66.97507267,191.899114,yes,0.87548865,4_Days,no
21,87.98811325,190.1367574,no,0.302466317,3_Days,no
18,65.19082557,164.2502053,yes,0.858698121,1_Day,no
25,61.72081928,189.2606238,yes,0.857230937,5_Days,no
34,81.80265379,186.5560143,no,0.76465095,2_Days,yes
20,86.57814842,164.6347639,yes,0.146695114,5_Days,yes
37,70.48590342,177.8508964,yes,0.690322847,6_Days,no
32,70.63946512,182.7679345,yes,0.945024065,3_Days,yes
32,77.82543526,196.643171,no,0.682540479,1_Day,yes
39,67.92147323,187.2472386,yes,0.331616849,4_Days,yes
31,67.18287479,171.3543427,no,0.500579317,5_Days,no
31,83.79592588,196.9538846,yes,0.645725043,4_Days,no
19,81.07131101,180.4377976,yes,0.510570409,6_Days,no
30,88.11158886,177.4415886,yes,0.119952942,1_Day,yes
31,62.47410988,176.728818,yes,0.312064045,5_Days,yes
36,69.97537513,163.7644476,no,0.802396031,6_Days,no
24,77.81179562,178.902305,no,0.861418046,4_Days,no
20,65.7437915,184.9748526,yes,0.137300033,4_Days,yes
32,81.41687437,176.1461667,yes,0.952386752,5_Days,yes
31,87.24627087,184.2045248,yes,0.328822618,1_Day,no
28,69.16642028,171.3560893,yes,0.662313739,4_Days,yes
32,75.3859194,178.5907209,yes,0.751825146,3_Days,yes
30,89.5561869,183.1654033,yes,0.811946235,6_Days,yes
35,92.99271575,181.8966088,yes,0.945749702,5_Days,yes
23,82.45801251,163.9453491,yes,0.312919548,2_Days,yes
20,80.93429173,175.6099405,no,0.858506455,2_Days,yes
36,66.46263465,196.7746293,no,0.131686903,1_Day,yes
32,78.592094,175.0755393,no,0.705040906,3_Days,no
22,80.56820841,180.1580754,yes,0.74197773,4_Days,no
27,72.89629841,179.1324425,yes,0.677723241,2_Days,yes
24,69.05223745,195.6823976,yes,0.252314736,1_Day,yes
34,62.18702327,192.9036812,no,0.873043147,6_Days,yes
24,57.62270245,188.07531,yes,0.168858463,3_Days,no
39,55.52116487,170.2675769,no,0.053634792,3_Days,no
29,80.79442573,183.5918305,yes,0.717464991,1_Day,yes
34,76.47699325,185.6794174,no,0.475475715,1_Day,no
30,70.16188868,173.0139516,no,0.84909802,4_Days,yes
37,71.68543702,171.2948289,no,0.383397141,1_Day,yes
21,77.10470542,197.0501415,yes,0.168278589,4_Days,yes
27,73.35436929,176.9919669,no,0.836442192,4_Days,yes
20,61.5944682,196.1497682,yes,0.548909632,5_Days,yes
26,84.1300022,189.9709376,yes,0.189195792,3_Days,yes
30,78.04126171,184.0787678,yes,0.720383999,6_Days,yes
35,77.6589848,184.5253144,yes,0.511113638,3_Days,no
32,83.37562703,165.9958044,yes,0.604312982,3_Days,yes
21,66.86354644,182.0677478,no,0.460898338,5_Days,no
32,87.13731438,194.1702041,yes,0.828708984,4_Days,yes
39,73.59957148,186.813395,yes,0.829562716,4_Days,yes
19,83.8859888,181.5433669,yes,0.709388822,1_Day,no
32,82.34449033,197.119372,yes,0.105401377,5_Days,no
25,64.61198172,178.1495928,yes,0.838853862,1_Day,yes
25,80.02900405,173.8044432,no,0.671012981,5_Days,no
34,78.26274671,181.5383192,no,0.697024166,1_Day,yes
29,75.30311657,187.6646737,yes,0.36298284,2_Days,yes
36,74.0562825,162.822059,no,0.879279556,3_Days,no
27,74.1410675,182.8486864,no,0.7253716,3_Days,no
26,83.12689426,188.1034502,yes,0.112590467,6_Days,no
22,80.77910514,177.3035837,no,0.407778034,4_Days,no
23,75.3047885,191.0696477,yes,0.886380362,6_Days,yes
37,60.08063854,186.4118666,no,0.047196702,2_Days,no
19,79.94443414,201.4138312,no,0.96141662,6_Days,no
30,82.23613619,172.493971,no,0.679162568,3_Days,no
23,98.00410085,188.3070985,yes,0.631375978,4_Days,no
22,85.75433063,169.8267609,no,0.270559256,2_Days,no
18,56.00823612,163.8463355,no,0.248791789,3_Days,yes
38,75.78429399,159.6446916,yes,0.942058219,1_Day,yes
39,93.11375029,185.3832402,yes,0.298272454,5_Days,no
38,81.23548857,181.8424791,no,0.775505297,2_Days,no
23,78.2865216,175.2094894,yes,0.393121798,4_Days,yes
23,84.00228659,162.2649567,no,0.139254071,6_Days,no
33,68.77621805,173.0961337,no,0.010715298,6_Days,yes
21,79.78089997,180.0409301,yes,0.544257337,2_Days,yes
28,72.49531961,187.9316937,yes,0.975778819,4_Days,no
26,74.80376514,179.8346425,yes,0.369136194,2_Days,yes
20,83.28454516,182.5206034,no,0.357192334,4_Days,no
36,65.73286898,176.2386762,yes,0.344091618,6_Days,no
25,87.87982474,197.492242,no,0.520543837,3_Days,yes
22,70.77188039,169.8175036,yes,0.440664883,1_Day,yes
21,77.60662833,173.0076178,no,0.879914627,3_Days,no
23,60.9949204,175.0764193,yes,0.505520792,1_Day,yes
19,82.19837291,185.427044,no,0.507757838,6_Days,no
37,89.46503936,169.6114021,yes,0.138371595,3_Days,yes
28,69.85358451,181.3571859,no,0.982739541,3_Days,yes
21,63.89776613,181.6491014,yes,0.249972891,2_Days,no
32,77.77983065,173.0564203,yes,0.073364067,5_Days,no
23,89.54810645,183.2997946,no,0.663146249,6_Days,no
39,60.50143435,169.921861,yes,0.59536637,4_Days,yes
34,63.93691819,168.8292586,no,0.415145654,6_Days,no
23,70.45810442,180.9960576,no,0.422192234,4_Days,no
36,66.79656175,163.4024441,yes,0.785063921,4_Days,yes
19,66.82814533,158.551973,no,0.19571264,1_Day,yes
32,54.05879372,185.328333,yes,0.820253319,4_Days,no
28,80.89056947,190.4896994,yes,0.648747114,4_Days,no
25,78.38720503,175.3319688,no,0.418969774,2_Days,no
36,58.011508,173.3192935,yes,0.458028617,3_Days,no
30,89.5719576,190.0553523,no,0.256647207,6_Days,yes
29,91.81092315,168.5446178,no,0.752114333,6_Days,yes
22,67.4909445,166.3662738,yes,0.512874742,4_Days,no
23,86.66548591,187.0763642,yes,0.320854543,5_Days,no
39,69.27002195,180.0903819,no,0.596050116,6_Days,no
21,76.8111651,190.6487674,no,0.995734452,4_Days,yes
36,66.64237865,158.5973412,yes,0.43526228,1_Day,no
37,97.14251523,165.9932601,yes,0.920691401,1_Day,no
18,72.03982773,180.1433206,yes,0.34501684,1_Day,yes
37,76.26449023,184.176737,yes,0.054732707,4_Days,yes
34,68.12062613,188.4699709,no,0.204242106,2_Days,no
29,93.61315597,181.7481777,yes,0.418695143,5_Days,no
32,93.86614646,181.6465516,no,0.219634929,4_Days,yes
18,91.30929181,176.1059846,no,0.000227038,2_Days,no
31,84.56440348,195.909049,yes,0.915001538,2_Days,no
23,68.75210453,168.9697654,no,0.843879411,6_Days,yes
22,83.27850096,183.5902015,yes,0.742292231,4_Days,yes
28,74.92957201,170.1219117,no,0.167814596,4_Days,yes
21,88.12408622,185.3477855,yes,0.120363576,2_Days,no
30,86.15902053,169.6298243,no,0.067604749,2_Days,yes
28,68.50734422,187.438157,no,0.724029189,2_Days,yes
20,84.47825803,181.1210495,yes,0.928807961,6_Days,no
18,81.8203445,197.4463917,yes,0.430535821,4_Days,no
23,47.26437137,177.1898035,no,0.119140672,2_Days,yes
35,83.0093664,184.2496612,no,0.512392821,1_Day,yes
27,70.68204211,172.2034372,yes,0.348831907,4_Days,no
22,66.13957546,177.1210699,no,0.374824924,6_Days,no
27,66.56739396,181.0574948,yes,0.621330624,1_Day,yes
29,73.64757104,164.7278008,no,0.718718113,3_Days,yes
19,79.8005958,165.8237607,yes,0.110603599,4_Days,no
30,61.34537978,185.998593,no,0.035590231,3_Days,yes
25,76.89847836,178.5391318,yes,0.994330303,2_Days,no
19,80.76758066,174.0707347,yes,0.232728349,6_Days,yes
37,93.61805784,172.6301382,no,0.053830525,2_Days,no
18,64.23309831,173.015112,yes,0.189875329,6_Days,no
22,71.50387813,181.1255072,no,0.038957846,5_Days,yes
26,77.61662973,184.4503586,yes,0.391810895,2_Days,yes
34,86.4740933,159.0789277,yes,0.802401784,3_Days,no
26,71.95776119,194.1283406,yes,0.34124445,6_Days,yes
28,86.98641372,193.4170076,no,0.444183407,2_Days,yes
32,55.62637684,156.6934524,yes,0.675586774,4_Days,yes
23,62.46651807,190.859267,no,0.50889407,6_Days,no
20,78.48644344,190.5521885,yes,0.861445686,6_Days,yes
34,60.89175502,180.0044549,no,0.866035675,2_Days,yes
22,63.25529473,167.0283138,no,0.009910695,5_Days,no
29,69.72223136,190.1522809,no,0.778046306,2_Days,yes
35,82.71438992,177.5876893,yes,0.4607336,3_Days,yes
31,56.04035159,185.4887884,no,0.988840541,3_Days,no
38,76.70298362,202.1920127,yes,0.483232076,6_Days,no
28,85.32963947,182.5183675,no,0.986895945,6_Days,yes
26,73.05054792,170.8311531,no,0.754569361,2_Days,yes
19,71.3116977,176.6426901,no,0.248604885,3_Days,no
29,79.01771283,172.1055464,no,0.538394979,3_Days,no
20,73.07888947,184.3348972,yes,0.992135639,5_Days,yes
20,88.90499781,171.9393244,no,0.857530608,4_Days,yes
18,63.88586988,175.2714858,no,0.097366894,5_Days,yes
25,74.48355845,167.1556963,yes,0.706371997,1_Day,no
39,77.05686375,178.6791299,no,0.345579586,5_Days,yes
25,71.21545948,181.7675479,no,0.006982262,2_Days,no
28,46.28717337,153.1521195,no,0.403480969,4_Days,no
26,73.39095092,182.5957356,no,0.234754422,2_Days,no
22,84.00176987,179.5429977,yes,0.818869271,1_Day,yes
31,82.78109186,172.3500805,yes,0.337330609,4_Days,yes
20,78.54778482,200.2862892,no,0.827523694,6_Days,yes
38,64.02137642,189.5847653,yes,0.000597939,3_Days,no
22,78.95309462,169.0359751,yes,0.30781915,5_Days,yes
22,69.26562178,188.3823688,no,0.241165214,2_Days,no
36,78.53482906,192.4449808,yes,0.233567361,1_Day,no
31,76.21505011,181.3202092,no,0.06818662,3_Days,no
21,65.23624729,183.6144204,yes,0.18712427,5_Days,no
30,66.07544161,183.3834667,yes,0.55554957,3_Days,no
27,78.55022454,159.1418414,yes,0.291361073,5_Days,no
35,72.78886905,178.131304,no,0.417394782,6_Days,yes
25,66.59718569,177.6108716,yes,0.37686688,4_Days,no
25,65.7716981,194.3015564,no,0.875904925,3_Days,yes
24,71.96169152,183.3372786,no,0.905298999,3_Days,no
25,90.68104795,177.0238904,yes,0.492956972,3_Days,yes
31,69.73921968,179.0987526,no,0.33015595,4_Days,yes
36,74.85980462,190.2338558,yes,0.106800704,1_Day,yes
23,76.01644288,178.1541534,no,0.953402879,5_Days,yes
18,63.68973609,173.0180447,no,0.060226945,6_Days,no
32,57.37167516,177.2429781,yes,0.297650278,3_Days,no
18,64.73359265,189.4069614,yes,0.298066201,4_Days,no
34,77.47077378,184.9616491,yes,0.320401286,1_Day,no
18,75.87331058,180.4426797,yes,0.164286843,5_Days,yes
32,82.02406569,181.915393,no,0.783161431,4_Days,yes
19,75.96749895,174.4025753,no,0.122497862,6_Days,yes
31,73.90450709,178.060506,no,0.634906659,6_Days,no
38,68.95987725,173.3669568,yes,0.123846027,5_Days,yes
25,83.8460679,177.0522072,no,0.070535638,3_Days,no
25,65.80819861,193.4617826,yes,0.909429504,6_Days,yes
36,63.89600483,169.2212819,no,0.190128766,1_Day,yes
24,80.67055517,173.1128233,yes,0.821250155,4_Days,yes
36,61.66842689,167.4570114,no,0.544630871,1_Day,yes
23,99.14790999,165.2909124,no,0.07785652,3_Days,yes
23,75.79993381,178.1322809,yes,0.955448191,1_Day,no
20,78.47906116,173.8239082,no,0.246961167,1_Day,yes
24,66.91580175,197.6168893,yes,0.859645345,2_Days,no
36,71.84735156,177.1715345,no,0.168810006,1_Day,no
